 Number ;Nom; Types; Type1; Type2; Height(m); Weight(kg); Male_Pct; Female_Pct; Capt_Rate; Exp_Points; Exp_Speed; Base_Total; HP; Attack; Defense; Special; Speed; Normal_Dmg; Fire_Dmg; Water_Dmg; Eletric_Dmg; Grass_Dmg; Ice_Dmg; Fight_Dmg; Poison_Dmg; Ground_Dmg; Flying_Dmg; Psychic_Dmg; Bug_Dmg; Rock_Dmg; Ghost_Dmg; Dragon_Dmg; Evolutions;Legendaire;Sous_Evolution;Evolution;description
1;Bulbizarre;2.0;grass;poison;0.7;6.9;87.5;12.5;45.0;1059860.0;Medium Slow;253.0;45.0;49.0;49.0;65.0;45.0;1.0;2.0;0.5;0.5;0.25;2.0;0.5;1.0;1.0;2.0;2.0;4.0;1.0;1.0;1.0;2.0;0.0;;Herbizarre;Dès sa naissance, ce Pokémon porte une graine de plante sur son dos. La graine grandit lentement.
2;Herbizarre;2.0;grass;poison;1.0;13.0;87.5;12.5;45.0;1059860.0;Medium Slow;325.0;60.0;62.0;63.0;80.0;60.0;1.0;2.0;0.5;0.5;0.25;2.0;0.5;1.0;1.0;2.0;2.0;4.0;1.0;1.0;1.0;2.0;0.0;Bulbizarre;Florizarre;Lorsque le bulbe situé sur son dos devient gros, il semble perdre la capacité de se tenir debout sur ses pattes arrière.
3;Florizarre;2.0;grass;poison;2.0;100.0;87.5;12.5;45.0;1059860.0;Medium Slow;425.0;80.0;82.0;83.0;100.0;80.0;1.0;2.0;0.5;0.5;0.25;2.0;0.5;1.0;1.0;2.0;2.0;4.0;1.0;1.0;1.0;2.0;0.0;Herbizarre;;Sa plante fleurit lorsqu'elle absorbe l'énergie solaire. Elle reste en mouvement pour chercher la lumière du soleil.
4;Salameche;1.0;fire;None;0.6;8.5;87.5;12.5;45.0;1059860.0;Medium Slow;249.0;39.0;52.0;43.0;50.0;65.0;1.0;0.5;2.0;1.0;0.5;1.0;1.0;1.0;2.0;1.0;1.0;0.5;2.0;1.0;1.0;2.0;0.0;;Reptincel;Il a une préférence pour les choses chaudes. Quand il pleut, on dit que de la vapeur jaillit du bout de sa queue.
5;Reptincel;1.0;fire;None;1.1;19.0;87.5;12.5;45.0;1059860.0;Medium Slow;325.0;58.0;64.0;58.0;65.0;80.0;1.0;0.5;2.0;1.0;0.5;1.0;1.0;1.0;2.0;1.0;1.0;0.5;2.0;1.0;1.0;2.0;0.0;Salameche;Dracaufeu;Il a une nature barbare. Au combat, il agite sa queue de feu et frappe avec ses griffes acérées.
6;Dracaufeu;2.0;fire;flying;1.7;90.5;87.5;12.5;45.0;1059860.0;Medium Slow;425.0;78.0;84.0;78.0;85.0;100.0;1.0;0.5;2.0;2.0;0.25;2.0;0.5;1.0;0.0;1.0;1.0;0.25;4.0;1.0;1.0;2.0;0.0;Reptincel;;Il crache du feu suffisamment chaud pour faire fondre des rochers. Il peut provoquer des incendies de forêt en soufflant des flammes.
7;Carapuce;1.0;water;None;0.5;9.0;87.5;12.5;45.0;1059860.0;Medium Slow;250.0;44.0;48.0;65.0;50.0;43.0;1.0;0.5;0.5;2.0;2.0;0.5;1.0;1.0;1.0;1.0;1.0;1.0;1.0;1.0;1.0;2.0;0.0;;Carabaffe;Lorsqu'il rétracte son long cou dans sa coquille, il projette de l'eau avec une force vigoureuse.
8;Carabaffe;1.0;water;None;1.0;22.5;87.5;12.5;45.0;1059860.0;Medium Slow;325.0;59.0;63.0;80.0;65.0;58.0;1.0;0.5;0.5;2.0;2.0;0.5;1.0;1.0;1.0;1.0;1.0;1.0;1.0;1.0;1.0;2.0;0.0;Carapuce;Tortank;On le considère comme un symbole de longévité. Si sa carapace est couverte d'algues, cela signifie que cette tortue est très vieille.
9;Tortank;1.0;water;None;1.6;85.5;87.5;12.5;45.0;1059860.0;Medium Slow;425.0;79.0;83.0;100.0;85.0;78.0;1.0;0.5;0.5;2.0;2.0;0.5;1.0;1.0;1.0;1.0;1.0;1.0;1.0;1.0;1.0;2.0;0.0;Carabaffe;;Il écrase son ennemi sous son corps lourd pour provoquer un évanouissement. En cas de besoin, il se réfugie dans sa carapace.
10;Chenipan;1.0;bug;None;0.3;2.9;50.0;50.0;255.0;1000000.0;Medium Fast;175.0;45.0;30.0;35.0;20.0;45.0;1.0;2.0;1.0;1.0;0.5;1.0;0.5;2.0;0.5;2.0;1.0;1.0;2.0;1.0;1.0;2.0;0.0;;Chrysacier;Pour se protéger, il libère une horrible odeur provenant de l'antenne située sur sa tête pour chasser les ennemis.
11;Chrysacier;1.0;bug;None;0.7;9.9;50.0;50.0;120.0;1000000.0;Medium Fast;180.0;50.0;20.0;55.0;25.0;30.0;1.0;2.0;1.0;1.0;0.5;1.0;0.5;2.0;0.5;2.0;1.0;1.0;2.0;1.0;1.0;2.0;0.0;Chenipan;Papilusion;Il attend le moment d'évoluer. A ce stade, il ne peut que se durcir, il reste donc immobile pour éviter les attaques.
12;Papilusion;2.0;bug;flying;1.1;32.0;50.0;50.0;45.0;1000000.0;Medium Fast;305.0;60.0;45.0;50.0;80.0;70.0;1.0;2.0;1.0;2.0;0.25;2.0;0.25;2.0;0.0;2.0;1.0;0.5;4.0;1.0;1.0;2.0;0.0;Chrysacier;;Au combat, il bat des ailes à grande vitesse pour libérer dans l'air une poussière hautement toxique.
13;Aspicot;2.0;bug;poison;0.3;3.2;50.0;50.0;255.0;1000000.0;Medium Fast;175.0;40.0;35.0;30.0;20.0;50.0;1.0;2.0;1.0;1.0;0.25;1.0;0.25;1.0;1.0;2.0;2.0;2.0;2.0;1.0;1.0;2.0;0.0;;Coconfort;Méfiez-vous de son dard pointu sur la tête. Il se cache dans l'herbe et les buissons où il mange des feuilles.
14;Coconfort;2.0;bug;poison;0.6;10.0;50.0;50.0;120.0;1000000.0;Medium Fast;180.0;45.0;25.0;50.0;25.0;35.0;1.0;2.0;1.0;1.0;0.25;1.0;0.25;1.0;1.0;2.0;2.0;2.0;2.0;1.0;1.0;2.0;0.0;Aspicot;Dardargnan;Capable de se déplacer légèrement, il peut sortir son dard et empoisonner son ennemi lorsqu'il est en danger.
15;Dardargnan;2.0;bug;poison;1.0;29.5;50.0;50.0;45.0;1000000.0;Medium Fast;305.0;65.0;80.0;40.0;45.0;75.0;1.0;2.0;1.0;1.0;0.25;1.0;0.25;1.0;1.0;2.0;2.0;2.0;2.0;1.0;1.0;2.0;0.0;Coconfort;;Il possède trois dards venimeux sur ses pattes avant et sa queue, qu'il utilise pour piquer son ennemi à plusieurs reprises.
16;Roucool;2.0;normal;flying;0.3;1.8;50.0;50.0;255.0;1059860.0;Medium Slow;216.0;40.0;45.0;40.0;35.0;56.0;1.0;1.0;1.0;2.0;0.5;2.0;1.0;1.0;0.0;1.0;1.0;0.5;2.0;0.0;1.0;2.0;0.0;;Roucoups;Très docile. S'il est attaqué, il soulèvera souvent du sable pour se protéger plutôt que de riposter.
17;Roucoups;2.0;normal;flying;1.1;30.0;50.0;50.0;120.0;1059860.0;Medium Slow;299.0;63.0;60.0;55.0;50.0;71.0;1.0;1.0;1.0;2.0;0.5;2.0;1.0;1.0;0.0;1.0;1.0;0.5;2.0;0.0;1.0;2.0;0.0;Roucool;Roucarge;Ce Pokémon est plein de vitalité. Il vole constamment sur son vaste territoire à la recherche de proies.
18;Roucarge;2.0;normal;flying;1.5;39.5;50.0;50.0;45.0;1059860.0;Medium Slow;399.0;83.0;80.0;75.0;70.0;91.0;1.0;1.0;1.0;2.0;0.5;2.0;1.0;1.0;0.0;1.0;1.0;0.5;2.0;0.0;1.0;2.0;0.0;Roucoups;;Ce Pokémon vole à une vitesse de Mach 2, à la recherche de proies. Ses grandes serres sont considérées comme des armes redoutables.
19;Rattata;1.0;normal;None;0.3;3.5;50.0;50.0;255.0;1000000.0;Medium Fast;218.0;30.0;56.0;35.0;25.0;72.0;1.0;1.0;1.0;1.0;1.0;1.0;2.0;1.0;1.0;1.0;1.0;1.0;1.0;0.0;1.0;1.0;0.0;;Rattatac;Il peut mâcher tout ce qu'il veut avec ses crocs. Si vous en voyez un, vous pouvez être sûr qu'il en existe 40 autres dans la région.
20;Rattatac;1.0;normal;None;0.7;18.5;50.0;50.0;127.0;1000000.0;Medium Fast;343.0;55.0;81.0;60.0;50.0;97.0;1.0;1.0;1.0;1.0;1.0;1.0;2.0;1.0;1.0;1.0;1.0;1.0;1.0;0.0;1.0;1.0;0.0;Rattata;Rattatac;Ses pattes arrières sont palmées. Elles lui servent de nageoires, ce qui lui permet de nager dans les rivières et de chasser ses proies.
21;Piafabec;2.0;normal;flying;0.3;2.0;50.0;50.0;255.0;1000000.0;Medium Fast;231.0;40.0;60.0;30.0;31.0;70.0;1.0;1.0;1.0;2.0;0.5;2.0;1.0;1.0;0.0;1.0;1.0;0.5;2.0;0.0;1.0;1.0;0.0;;Rapasdepic;Il n'est pas capable de voler haut. Cependant, il peut voler très vite pour protéger son territoire.
22;Rapasdepic;2.0;normal;flying;1.2;38.0;50.0;50.0;90.0;1000000.0;Medium Fast;381.0;65.0;90.0;65.0;61.0;100.0;1.0;1.0;1.0;2.0;0.5;2.0;1.0;1.0;0.0;1.0;1.0;0.5;2.0;0.0;1.0;1.0;0.0;Piafabec;;Un Pokémon qui existe depuis de nombreuses années. S'il sent un danger, il s'envole haut et loin, instantanément.
23;Abo;1.0;poison;None;2.0;6.9;50.0;50.0;255.0;1000000.0;Medium Fast;234.0;35.0;60.0;44.0;40.0;55.0;1.0;1.0;1.0;1.0;0.5;1.0;0.5;0.5;2.0;1.0;2.0;2.0;1.0;1.0;1.0;1.0;0.0;;Arbok;Plus il vieillit, plus il grandit. La nuit, il enroule son long corps autour des branches des arbres pour se reposer.
24;Arbok;1.0;poison;None;3.5;65.0;50.0;50.0;90.0;1000000.0;Medium Fast;359.0;60.0;85.0;69.0;65.0;80.0;1.0;1.0;1.0;1.0;0.5;1.0;0.5;0.5;2.0;1.0;2.0;2.0;1.0;1.0;1.0;1.0;0.0;Abo;;Les motifs effrayants sur son ventre ont été étudiés. Six variations ont été confirmées.
25;Pikachu;1.0;electric;None;0.4;6.0;50.0;50.0;190.0;1000000.0;Medium Fast;260.0;35.0;55.0;30.0;50.0;90.0;1.0;1.0;1.0;0.5;1.0;1.0;1.0;1.0;2.0;0.5;1.0;1.0;1.0;1.0;1.0;1.0;0.0;Pichu;Raichu;Les Pikachu qui peuvent générer une puissante électricité ont des poches dans les joues qui sont extra douces et super extensibles.
26;Raichu;1.0;electric;None;0.8;30.0;50.0;50.0;75.0;1000000.0;Medium Fast;395.0;60.0;90.0;55.0;90.0;100.0;1.0;1.0;1.0;0.5;1.0;1.0;1.0;1.0;2.0;0.5;1.0;1.0;1.0;1.0;1.0;1.0;0.0;Pikachu;;Sa longue queue lui sert de masse pour se protéger de sa propre énergie haute tension.
27;Sabelette;1.0;ground;None;0.6;12.0;50.0;50.0;255.0;1000000.0;Medium Fast;280.0;50.0;75.0;85.0;30.0;40.0;1.0;1.0;2.0;0.0;2.0;2.0;1.0;0.5;1.0;1.0;1.0;1.0;0.5;1.0;1.0;1.0;0.0;;Sablaireau;Il adore se baigner dans le sable sec des zones sablonneuses. En prenant un bain de sable, le Pokémon se débarrasse de la saleté et de l'humidité qui adhèrent à son corps.
28;Sablaireau;1.0;ground;None;1.0;29.5;50.0;50.0;90.0;1000000.0;Medium Fast;405.0;75.0;100.0;110.0;55.0;65.0;1.0;1.0;2.0;0.0;2.0;2.0;1.0;0.5;1.0;1.0;1.0;1.0;0.5;1.0;1.0;1.0;0.0;Sabelette;;Plus la zone dans laquelle vit Sablaireau est sèche, plus les pointes du Pokémon seront dures et lisses au toucher.
29;Nidoran_femelle;1.0;poison;None;0.4;7.0;0.0;100.0;235.0;1059860.0;Medium Slow;235.0;55.0;47.0;52.0;40.0;41.0;1.0;1.0;1.0;1.0;0.5;1.0;0.5;0.5;2.0;1.0;2.0;2.0;1.0;1.0;1.0;2.0;0.0;;Nidorina;Les femelles sont plus sensibles aux odeurs que les mâles. Lorsqu'elles cherchent de la nourriture, elles utilisent leurs moustaches pour surveiller la direction du vent et rester sous le vent des prédateurs.
30;Nidorina;1.0;poison;None;0.8;20.0;0.0;100.0;120.0;1059860.0;Medium Slow;310.0;70.0;62.0;67.0;55.0;56.0;1.0;1.0;1.0;1.0;0.5;1.0;0.5;0.5;2.0;1.0;2.0;2.0;1.0;1.0;1.0;2.0;0.0;Nidoran_femelle;Nidoqueen;La corne sur sa tête s'est atrophiée. On pense que cela se produit pour que les enfants de Nidorina ne soient pas piqués pendant que leur mère les nourrit.
31;Nidoqueen;2.0;poison;ground;1.3;60.0;0.0;100.0;45.0;1059860.0;Medium Slow;410.0;90.0;82.0;87.0;75.0;76.0;1.0;1.0;2.0;0.0;1.0;2.0;0.5;0.25;2.0;1.0;2.0;2.0;0.5;1.0;1.0;2.0;0.0;Nidorina;;Nidoqueen est meilleur en défense qu'en attaque. Doté d'écailles comme une armure, ce Pokémon protégera ses enfants de tout type d'attaque.
32;Nidoran_male;1.0;poison;None;0.5;9.0;100.0;0.0;235.0;1059860.0;Medium Slow;233.0;46.0;57.0;40.0;40.0;50.0;1.0;1.0;1.0;1.0;0.5;1.0;0.5;0.5;2.0;1.0;2.0;2.0;1.0;1.0;1.0;2.0;0.0;;Nidorino;La corne sur le front du mâle Nidoran contient un puissant poison. C'est un Pokémon très prudent, qui tend toujours ses grandes oreilles.
33;Nidorino;1.0;poison;None;0.9;19.5;100.0;0.0;120.0;1059860.0;Medium Slow;310.0;61.0;72.0;57.0;55.0;65.0;1.0;1.0;1.0;1.0;0.5;1.0;0.5;0.5;2.0;1.0;2.0;2.0;1.0;1.0;1.0;2.0;0.0;Nidoran_male;Nidoking;Doté d'une corne plus dure que le diamant, ce Pokémon se promène en brisant des rochers à la recherche d'une pierre de lune.
34;Nidoking;2.0;poison;ground;1.4;62.0;100.0;0.0;45.0;1059860.0;Medium Slow;410.0;81.0;92.0;77.0;75.0;85.0;1.0;1.0;2.0;0.0;1.0;2.0;0.5;0.25;2.0;1.0;2.0;2.0;0.5;1.0;1.0;2.0;0.0;Nidorino;;Lorsqu'il se déchaîne, il est impossible à contrôler. Mais en présence d'un Nidoqueen avec lequel il a vécu pendant longtemps, Nidoking se calme.
35;Melofee;1.0;normal;None;0.6;7.5;25.0;75.0;150.0;800000.0;Fast;258.0;70.0;45.0;48.0;60.0;35.0;1.0;1.0;1.0;1.0;1.0;1.0;2.0;1.0;1.0;1.0;1.0;1.0;1.0;0.0;1.0;1.0;0.0;Melo;Melodelfe;On dit que le bonheur viendra à ceux qui verront un rassemblement de Melofee danser sous une pleine lune.
36;Melodelfe;1.0;normal;None;1.3;40.0;25.0;75.0;25.0;800000.0;Fast;383.0;95.0;70.0;73.0;85.0;60.0;1.0;1.0;1.0;1.0;1.0;1.0;2.0;1.0;1.0;1.0;1.0;1.0;1.0;0.0;1.0;1.0;0.0;Melofee;;Un Pokémon fée timide que l'on voit rarement, il court et se cache dès qu'il sent des gens.
37;Goupix;1.0;fire;None;0.6;9.9;25.0;75.0;190.0;1000000.0;Medium Fast;249.0;38.0;41.0;40.0;65.0;65.0;1.0;0.5;2.0;1.0;0.5;1.0;1.0;1.0;2.0;1.0;1.0;0.5;2.0;1.0;1.0;1.0;0.0;;Feunard;Lorsqu'il est jeune, il possède six magnifiques queues. Lorsqu'il grandit, plusieurs nouvelles queues apparaissent.
38;Feunard;1.0;fire;None;1.1;19.9;25.0;75.0;75.0;1000000.0;Medium Fast;424.0;73.0;76.0;75.0;100.0;100.0;1.0;0.5;2.0;1.0;0.5;1.0;1.0;1.0;2.0;1.0;1.0;0.5;2.0;1.0;1.0;1.0;0.0;Goupix;;On dit qu'il vit 1 000 ans et que chacune de ses queues est chargée de pouvoirs surnaturels.
39;Rondoudou;1.0;normal;None;0.5;5.5;25.0;75.0;170.0;800000.0;Fast;225.0;115.0;45.0;20.0;25.0;20.0;1.0;1.0;1.0;1.0;1.0;1.0;2.0;1.0;1.0;1.0;1.0;1.0;1.0;0.0;1.0;1.0;0.0;Toudoudou;Grodoudou;Rondoudou possède une capacité pulmonaire de premier ordre, même en comparaison avec d'autres Pokémon. Il n'arrête pas de chanter ses berceuses jusqu'à ce que ses ennemis s'endorment.
40;Grodoudou;1.0;normal;None;1.0;12.0;25.0;75.0;50.0;800000.0;Fast;350.0;140.0;70.0;45.0;50.0;45.0;1.0;1.0;1.0;1.0;1.0;1.0;2.0;1.0;1.0;1.0;1.0;1.0;1.0;0.0;1.0;1.0;0.0;Rondoudou;;Plus il prend d'air, plus il se gonfle. Si les adversaires le surprennent de mauvaise humeur, il se gonflera jusqu'à atteindre une taille énorme pour les intimider.
41;Nosferapti;2.0;poison;flying;0.8;7.5;50.0;50.0;255.0;1000000.0;Medium Fast;215.0;40.0;45.0;35.0;40.0;55.0;1.0;1.0;1.0;2.0;0.25;2.0;0.25;0.5;0.0;1.0;2.0;1.0;2.0;1.0;1.0;1.0;0.0;;Nosferalto;Il émet des ondes ultrasoniques par sa bouche pour surveiller son environnement. Même dans les grottes étroites, Nosferapti vole avec habileté.
42;Nosferalto;2.0;poison;flying;1.6;55.0;50.0;50.0;90.0;1000000.0;Medium Fast;390.0;75.0;80.0;70.0;75.0;90.0;1.0;1.0;1.0;2.0;0.25;2.0;0.25;0.5;0.0;1.0;2.0;1.0;2.0;1.0;1.0;1.0;0.0;Nosferapti;Nostenfer;Il adore boire le sang des autres créatures. On dit que s'il trouve d'autres créatures de son espèce affamées, il partage parfois le sang qu'il a recueilli.
43;Mystherbe;2.0;grass;poison;0.5;5.4;50.0;50.0;255.0;1059860.0;Medium Slow;255.0;45.0;50.0;55.0;75.0;30.0;1.0;2.0;0.5;0.5;0.25;2.0;0.5;1.0;1.0;2.0;2.0;4.0;1.0;1.0;1.0;2.0;0.0;;Ortide;Si elle est exposée à la lumière de la lune, elle commence à bouger. Elle parcourt les environs la nuit pour disperser ses graines.
44;Ortide;2.0;grass;poison;0.8;8.6;50.0;50.0;120.0;1059860.0;Medium Slow;320.0;60.0;65.0;70.0;85.0;40.0;1.0;2.0;0.5;0.5;0.25;2.0;0.5;1.0;1.0;2.0;2.0;4.0;1.0;1.0;1.0;2.0;0.0;Mystherbe;Rafflesia;Ses pistils dégagent une odeur incroyablement nauséabonde, qui peut provoquer un évanouissement à une distance de 2 km.
45;Rafflesia;2.0;grass;poison;1.2;18.6;50.0;50.0;45.0;1059860.0;Medium Slow;390.0;75.0;80.0;85.0;100.0;50.0;1.0;2.0;0.5;0.5;0.25;2.0;0.5;1.0;1.0;2.0;2.0;4.0;1.0;1.0;1.0;2.0;0.0;Ortide;;Ses pétales sont les plus grands du monde. À chaque pas, ils libèrent de lourds nuages ??de pollen toxique.
46;Paras;2.0;bug;grass;0.3;5.4;50.0;50.0;190.0;1000000.0;Medium Fast;240.0;35.0;70.0;55.0;55.0;25.0;1.0;4.0;0.5;0.5;0.25;2.0;0.5;4.0;0.25;4.0;1.0;2.0;2.0;1.0;1.0;1.0;0.0;;Parasect;Il creuse des terriers sous terre pour ronger les racines des arbres. Les champignons qu'il a sur le dos absorbent la plupart des nutriments.
47;Parasect;2.0;bug;grass;1.0;29.5;50.0;50.0;75.0;1000000.0;Medium Fast;345.0;60.0;95.0;80.0;80.0;30.0;1.0;4.0;0.5;0.5;0.25;2.0;0.5;4.0;0.25;4.0;1.0;2.0;2.0;1.0;1.0;1.0;0.0;Paras;;L'hôte insecte est vidé de son énergie par le champignon sur son dos. Le champignon semble penser tout seul.
48;Mimitoss;2.0;bug;poison;1.0;30.0;50.0;50.0;190.0;1000000.0;Medium Fast;250.0;60.0;55.0;50.0;40.0;45.0;1.0;2.0;1.0;1.0;0.25;1.0;0.25;1.0;1.0;2.0;2.0;2.0;2.0;1.0;1.0;1.0;0.0;;Aeromite;Ses grands yeux font office de radar. Dans un endroit lumineux, on peut voir qu'ils sont constitués de nombreux petits yeux.
49;Aeromite;2.0;bug;poison;1.5;12.5;50.0;50.0;75.0;1000000.0;Medium Fast;375.0;70.0;65.0;60.0;90.0;90.0;1.0;2.0;1.0;1.0;0.25;1.0;0.25;1.0;1.0;2.0;2.0;2.0;2.0;1.0;1.0;1.0;0.0;Mimitoss;;Les écailles poudreuses qui recouvrent ses ailes sont difficiles à retirer de la peau. Elles contiennent également du poison qui s'échappe au contact.
50;Taupiqueur;1.0;ground;None;0.2;0.8;50.0;50.0;255.0;1000000.0;Medium Fast;230.0;10.0;55.0;25.0;45.0;95.0;1.0;1.0;2.0;0.0;2.0;2.0;1.0;0.5;1.0;1.0;1.0;1.0;0.5;1.0;1.0;1.0;0.0;;Triopikeur;Si un Taupiqueur creuse un champ, il laisse le sol parfaitement labouré et idéal pour la plantation de cultures.
51;Triopikeur;1.0;ground;None;0.7;33.3;50.0;50.0;50.0;1000000.0;Medium Fast;355.0;35.0;80.0;50.0;70.0;120.0;1.0;1.0;2.0;0.0;2.0;2.0;1.0;0.5;1.0;1.0;1.0;1.0;0.5;1.0;1.0;1.0;0.0;Taupiqueur;;Une équipe de triplés Triopikeur. Elle déclenche d'énormes tremblements de terre en creusant à 96 kilomètres sous terre.
52;Miaouss;1.0;normal;None;0.4;4.2;50.0;50.0;255.0;1000000.0;Medium Fast;250.0;40.0;45.0;35.0;40.0;90.0;1.0;1.0;1.0;1.0;1.0;1.0;2.0;1.0;1.0;1.0;1.0;1.0;1.0;0.0;1.0;1.0;0.0;;Persian;Il adore collectionner les objets brillants. S'il est de bonne humeur, il peut même laisser son dresseur jeter un œil à son trésor.
53;Persian;1.0;normal;None;1.0;32.0;50.0;50.0;90.0;1000000.0;Medium Fast;375.0;65.0;70.0;60.0;65.0;115.0;1.0;1.0;1.0;1.0;1.0;1.0;2.0;1.0;1.0;1.0;1.0;1.0;1.0;0.0;1.0;1.0;0.0;Miaouss;;Il faut beaucoup d'efforts pour amener ce Pokémon fier à s'habituer à vous, et il vous griffera dès qu'il sera agacé.
54;Psykokwak;1.0;water;None;0.8;19.6;50.0;50.0;190.0;1000000.0;Medium Fast;255.0;50.0;52.0;48.0;50.0;55.0;1.0;0.5;0.5;2.0;2.0;0.5;1.0;1.0;1.0;1.0;1.0;1.0;1.0;1.0;1.0;1.0;0.0;;Akwakwak;Psykokwak est constamment en proie à des maux de tête. Si le Pokémon laisse éclater son étrange pouvoir, la douleur semble s'atténuer pendant un moment.
55;Akwakwak;1.0;water;None;1.7;76.6;50.0;50.0;75.0;1000000.0;Medium Fast;405.0;80.0;82.0;78.0;80.0;85.0;1.0;0.5;0.5;2.0;2.0;0.5;1.0;1.0;1.0;1.0;1.0;1.0;1.0;1.0;1.0;1.0;0.0;Psykokwak;;Ce Pokémon vit dans des rivières au courant calme. Il nage dans l'eau à l'aide de ses longs membres, mettant en valeur ses gracieuses capacités de nageur.
56;Ferosinge;1.0;fighting;None;0.5;28.0;50.0;50.0;190.0;1000000.0;Medium Fast;260.0;40.0;80.0;35.0;35.0;70.0;1.0;1.0;1.0;1.0;1.0;1.0;1.0;1.0;1.0;2.0;2.0;0.5;0.5;1.0;1.0;1.0;0.0;;Colossinge;Un Pokémon agile qui vit dans les arbres. Il s'énerve facilement et n'hésite pas à attaquer quoi que ce soit.
57;Colossinge;1.0;fighting;None;1.0;32.0;50.0;50.0;75.0;1000000.0;Medium Fast;385.0;65.0;105.0;60.0;60.0;95.0;1.0;1.0;1.0;1.0;1.0;1.0;1.0;1.0;1.0;2.0;2.0;0.5;0.5;1.0;1.0;1.0;0.0;Ferosinge;;La colère cesse seulement quand il n'y a personne d'autre autour. Il est très difficile de voir ce moment.
58;Caninos;1.0;fire;None;0.7;19.0;75.0;25.0;190.0;1250000.0;Slow;280.0;55.0;70.0;45.0;50.0;60.0;1.0;0.5;2.0;1.0;0.5;1.0;1.0;1.0;2.0;1.0;1.0;0.5;2.0;1.0;1.0;1.0;0.0;;Arcanin;Il est de nature courageuse et digne de confiance. Il affronte sans crainte des ennemis plus grands et plus forts.
59;Arcanin;1.0;fire;None;1.9;155.0;75.0;25.0;75.0;1250000.0;Slow;455.0;90.0;110.0;80.0;80.0;95.0;1.0;0.5;2.0;1.0;0.5;1.0;1.0;1.0;2.0;1.0;1.0;0.5;2.0;1.0;1.0;1.0;0.0;Caninos;;La vue de ce véhicule parcourant plus de 6 200 miles en un seul jour et une seule nuit a captivé de nombreuses personnes.
60;Ptitard;1.0;water;None;0.6;12.4;50.0;50.0;255.0;1059860.0;Medium Slow;260.0;40.0;50.0;40.0;40.0;90.0;1.0;0.5;0.5;2.0;2.0;0.5;1.0;1.0;1.0;1.0;1.0;1.0;1.0;1.0;1.0;2.0;0.0;;Tetarte;Pour Ptitard, nager est plus facile que marcher. Le motif tourbillonnant sur son ventre est en fait une partie des entrailles du Pokémon qui transparaît à travers la peau.
61;Tetarte;1.0;water;None;1.0;20.0;50.0;50.0;120.0;1059860.0;Medium Slow;335.0;65.0;65.0;65.0;50.0;90.0;1.0;0.5;0.5;2.0;2.0;0.5;1.0;1.0;1.0;1.0;1.0;1.0;1.0;1.0;1.0;2.0;0.0;Ptitard;Tartard;Le fait de fixer le tourbillon sur son ventre provoque une somnolence. Cette caractéristique de Tetarte a été utilisée à la place des berceuses pour endormir les enfants.
62;Tartard;2.0;water;fighting;1.3;54.0;50.0;50.0;45.0;1059860.0;Medium Slow;410.0;90.0;85.0;95.0;70.0;70.0;1.0;0.5;0.5;2.0;2.0;0.5;1.0;1.0;1.0;2.0;2.0;0.5;0.5;1.0;1.0;2.0;0.0;Tetarte;;Son corps est fait de muscles solides. Lorsqu'il nage dans les mers froides, Tartard utilise ses bras impressionnants pour briser la glace à la dérive et avancer.
63;Abra;1.0;psychic;None;0.9;19.5;75.0;25.0;200.0;1059860.0;Medium Slow;255.0;25.0;20.0;15.0;105.0;90.0;1.0;1.0;1.0;1.0;1.0;1.0;0.5;1.0;1.0;1.0;0.5;2.0;1.0;0.0;1.0;2.0;0.0;;Kadabra;Ce Pokémon utilise ses pouvoirs psychiques pendant son sommeil. Le contenu des rêves d'Abra affecte les pouvoirs que le Pokémon possède.
64;Kadabra;1.0;psychic;None;1.3;56.5;75.0;25.0;100.0;1059860.0;Medium Slow;330.0;40.0;35.0;30.0;120.0;105.0;1.0;1.0;1.0;1.0;1.0;1.0;0.5;1.0;1.0;1.0;0.5;2.0;1.0;0.0;1.0;2.0;0.0;Abra;Alakazam;Grâce à ses pouvoirs psychiques, Kadabra lévite pendant son sommeil. Il utilise sa queue élastique comme oreiller.
65;Alakazam;1.0;psychic;None;1.5;48.0;75.0;25.0;50.0;1059860.0;Medium Slow;405.0;55.0;50.0;45.0;135.0;120.0;1.0;1.0;1.0;1.0;1.0;1.0;0.5;1.0;1.0;1.0;0.5;2.0;1.0;0.0;1.0;2.0;0.0;Kadabra;;Il possède un niveau d'intelligence incroyablement élevé. Certains disent qu'Alakazam se souvient de tout ce qui lui arrive, de sa naissance à sa mort.
66;Machoc;1.0;fighting;None;0.8;19.5;75.0;25.0;180.0;1059860.0;Medium Slow;270.0;70.0;80.0;50.0;35.0;35.0;1.0;1.0;1.0;1.0;1.0;1.0;1.0;1.0;1.0;2.0;2.0;0.5;0.5;1.0;1.0;2.0;0.0;;Machopeur;Son corps entier est composé de muscles. Bien qu'il ait la taille d'un enfant humain, il peut projeter 100 adultes.
67;Machopeur;1.0;fighting;None;1.5;70.5;75.0;25.0;90.0;1059860.0;Medium Slow;345.0;80.0;100.0;70.0;50.0;45.0;1.0;1.0;1.0;1.0;1.0;1.0;1.0;1.0;1.0;2.0;2.0;0.5;0.5;1.0;1.0;2.0;0.0;Machoc;Mackogneur;Son corps musclé est si puissant qu'il doit porter une ceinture d'économie d'énergie pour pouvoir réguler ses mouvements.
68;Mackogneur;1.0;fighting;None;1.6;130.0;75.0;25.0;45.0;1059860.0;Medium Slow;420.0;90.0;130.0;80.0;65.0;55.0;1.0;1.0;1.0;1.0;1.0;1.0;1.0;1.0;1.0;2.0;2.0;0.5;0.5;1.0;1.0;2.0;0.0;Machopeur;;Il balance rapidement ses quatre bras pour secouer ses adversaires avec des coups de poing et des coups incessants sous tous les angles.
69;Chetiflor;2.0;grass;poison;0.7;4.0;50.0;50.0;255.0;1059860.0;Medium Slow;270.0;50.0;75.0;35.0;70.0;40.0;1.0;2.0;0.5;0.5;0.25;2.0;0.5;1.0;1.0;2.0;2.0;4.0;1.0;1.0;1.0;2.0;0.0;;Boustiflor;Préfère les endroits chauds et humides. Il piège de minuscules insectes avec ses vignes et les dévore.
70;Boustiflor;2.0;grass;poison;1.0;6.4;50.0;50.0;120.0;1059860.0;Medium Slow;345.0;65.0;90.0;50.0;85.0;55.0;1.0;2.0;0.5;0.5;0.25;2.0;0.5;1.0;1.0;2.0;2.0;4.0;1.0;1.0;1.0;2.0;0.0;Chetiflor;Empiflor;Lorsqu'il a faim, il avale tout ce qui bouge. Sa malheureuse proie est dissoute par des acides puissants.
71;Empiflor;2.0;grass;poison;1.7;15.5;50.0;50.0;45.0;1059860.0;Medium Slow;420.0;80.0;105.0;65.0;100.0;70.0;1.0;2.0;0.5;0.5;0.25;2.0;0.5;1.0;1.0;2.0;2.0;4.0;1.0;1.0;1.0;2.0;0.0;Boustiflor;;Il attire ses proies avec le doux parfum du miel. Avalée entière, la proie se dissout en une journée, os compris.
72;Tentacool;2.0;water;poison;0.9;45.5;50.0;50.0;190.0;1250000.0;Slow;285.0;40.0;40.0;35.0;100.0;70.0;1.0;0.5;0.5;2.0;1.0;0.5;0.5;0.5;2.0;1.0;2.0;2.0;1.0;1.0;1.0;1.0;0.0;;Tentacruel;Tentacool n'est pas un nageur particulièrement doué. Il dérive à la surface des mers peu profondes à la recherche de proies.
73;Tentacruel;2.0;water;poison;1.6;55.0;50.0;50.0;60.0;1250000.0;Slow;435.0;80.0;70.0;65.0;120.0;100.0;1.0;0.5;0.5;2.0;1.0;0.5;0.5;0.5;2.0;1.0;2.0;2.0;1.0;1.0;1.0;1.0;0.0;Tentacool;;Lorsque les orbes rouges sur la tête de Tentacruel brillent de mille feux, faites attention. Le Pokémon est sur le point de déclencher une explosion d'ondes ultrasoniques.
74;Racaillou;2.0;rock;ground;0.4;20.0;50.0;50.0;255.0;1059860.0;Medium Slow;270.0;40.0;80.0;100.0;30.0;20.0;0.5;0.5;4.0;0.0;4.0;2.0;2.0;0.25;2.0;0.5;1.0;1.0;0.5;1.0;1.0;2.0;0.0;;Gravalanch;On le trouve souvent près des sentiers de montagne et autres. Si vous marchez dessus par accident, il se met en colère.
75;Gravalanch;2.0;rock;ground;1.0;105.0;50.0;50.0;120.0;1059860.0;Medium Slow;345.0;55.0;95.0;115.0;45.0;35.0;0.5;0.5;4.0;0.0;4.0;2.0;2.0;0.25;2.0;0.5;1.0;1.0;0.5;1.0;1.0;2.0;0.0;Racaillou;Grolem;On le voit souvent dévaler les sentiers de montagne. Les obstacles sont simplement des choses sur lesquelles il faut rouler directement, et non pas les éviter.
76;Grolem;2.0;rock;ground;1.4;300.0;50.0;50.0;45.0;1059860.0;Medium Slow;420.0;80.0;110.0;130.0;55.0;45.0;0.5;0.5;4.0;0.0;4.0;2.0;2.0;0.25;2.0;0.5;1.0;1.0;0.5;1.0;1.0;2.0;0.0;Gravalanch;;Une fois qu'il a perdu sa peau, son corps devient tendre et blanchâtre. Sa peau durcit lorsqu'elle est exposée à l'air.
77;Ponyta;1.0;fire;None;1.0;30.0;50.0;50.0;190.0;1000000.0;Medium Fast;345.0;50.0;85.0;55.0;65.0;90.0;1.0;0.5;2.0;1.0;0.5;1.0;1.0;1.0;2.0;1.0;1.0;0.5;2.0;1.0;1.0;1.0;0.0;;Galopa;Il ne peut pas courir correctement à sa naissance. En courant avec ses congénères, ses pattes deviennent plus fortes.
78;Galopa;1.0;fire;None;1.7;95.0;50.0;50.0;60.0;1000000.0;Medium Fast;420.0;65.0;100.0;70.0;80.0;105.0;1.0;0.5;2.0;1.0;0.5;1.0;1.0;1.0;2.0;1.0;1.0;0.5;2.0;1.0;1.0;1.0;0.0;Ponyta;;Ce Pokémon peut être vu galoper à travers les champs à des vitesses allant jusqu'à 150 mph, sa crinière de feu flottant au vent.
79;Ramoloss;2.0;water;psychic;1.2;36.0;50.0;50.0;190.0;1000000.0;Medium Fast;275.0;90.0;65.0;65.0;40.0;15.0;1.0;0.5;0.5;2.0;2.0;0.5;0.5;1.0;1.0;1.0;0.5;2.0;1.0;0.0;1.0;1.0;0.0;;Flagadoss;D'esprit lent et inconscient, ce Pokémon ne ressent aucune douleur si sa queue est mangée. Il ne remarquera pas non plus que sa queue repousse.
80;Flagadoss;2.0;water;psychic;1.6;78.5;50.0;50.0;75.0;1000000.0;Medium Fast;390.0;95.0;75.0;110.0;80.0;30.0;1.0;0.5;0.5;2.0;2.0;0.5;0.5;1.0;1.0;1.0;0.5;2.0;1.0;0.0;1.0;1.0;0.0;Ramoloss;;Slowpoke est devenu Slowbro lorsqu'un Shellder lui a mordu la queue. Les saveurs sucrées qui s'échappent de la queue donnent au Flagadoss l'impression que sa vie est un rêve.
81;Magneti;1.0;electric;None;0.3;6.0;0.0;0.0;190.0;1000000.0;Medium Fast;270.0;25.0;35.0;70.0;95.0;45.0;1.0;1.0;1.0;0.5;1.0;1.0;1.0;1.0;2.0;0.5;1.0;1.0;1.0;1.0;1.0;1.0;0.0;;Magneton;Parfois, Magneti tombe en panne d'électricité et finit par terre. Si vous donnez des piles à un Magneti mis à terre, il recommencera à bouger.
82;Magneton;1.0;electric;None;1.0;60.0;0.0;0.0;60.0;1000000.0;Medium Fast;395.0;50.0;60.0;95.0;120.0;70.0;1.0;1.0;1.0;0.5;1.0;1.0;1.0;1.0;2.0;0.5;1.0;1.0;1.0;1.0;1.0;1.0;0.0;Magneti;Magnezone;Ce Pokémon est composé de trois Magnétites liés entre eux. Magneton envoie de puissantes ondes radio pour étudier son environnement.
83;Canarticho;2.0;normal;flying;0.8;15.0;50.0;50.0;45.0;1000000.0;Medium Fast;290.0;52.0;65.0;55.0;58.0;60.0;1.0;1.0;1.0;2.0;0.5;2.0;1.0;1.0;0.0;1.0;1.0;0.5;2.0;0.0;1.0;0.0;0.0;;;La tige que ce Pokémon porte dans ses ailes lui sert d'épée pour abattre ses adversaires. Dans une situation désespérée, la tige peut également lui servir de nourriture.
84;Doduo;2.0;normal;flying;1.4;39.2;50.0;50.0;190.0;1000000.0;Medium Fast;275.0;35.0;85.0;45.0;35.0;75.0;1.0;1.0;1.0;2.0;0.5;2.0;1.0;1.0;0.0;1.0;1.0;0.5;2.0;0.0;1.0;1.0;0.0;;Dodrio;Ses ailes courtes rendent le vol difficile. Au lieu de cela, ce Pokémon court à grande vitesse sur des pattes développées.
85;Dodrio;2.0;normal;flying;1.8;85.2;50.0;50.0;45.0;1000000.0;Medium Fast;400.0;60.0;110.0;70.0;60.0;100.0;1.0;1.0;1.0;2.0;0.5;2.0;1.0;1.0;0.0;1.0;1.0;0.5;2.0;0.0;1.0;1.0;0.0;Doduo;;L'une des deux têtes du Doduo se divise pour former une espèce unique. Il court à près de 65 km/h dans les prairies.
86;Otaria;1.0;water;None;1.1;90.0;50.0;50.0;190.0;1000000.0;Medium Fast;280.0;65.0;45.0;55.0;70.0;45.0;1.0;0.5;0.5;2.0;2.0;0.5;1.0;1.0;1.0;1.0;1.0;1.0;1.0;1.0;1.0;1.0;0.0;;Lamantine;Aime les conditions de froid glacial. Apprécie nager dans un climat glacial d'environ -10°C.
87;Lamantine;2.0;water;ice;1.7;120.0;50.0;50.0;75.0;1000000.0;Medium Fast;405.0;90.0;70.0;80.0;95.0;70.0;1.0;1.0;0.5;2.0;2.0;0.25;2.0;1.0;1.0;1.0;1.0;1.0;2.0;1.0;1.0;1.0;0.0;Otaria;;Son corps tout entier est d'un blanc neigeux. Insensible au froid intense, il nage puissamment dans les eaux glacées.
88;Tadmorv;1.0;poison;None;0.9;30.0;50.0;50.0;190.0;1000000.0;Medium Fast;275.0;80.0;80.0;50.0;40.0;25.0;1.0;1.0;1.0;1.0;0.5;1.0;0.5;0.5;2.0;1.0;2.0;2.0;1.0;1.0;1.0;1.0;0.0;;Grotadmorv;Fait de boues solidifiées. Son odeur est si putride qu'on ne peut pas la toucher. Même les mauvaises herbes ne poussent pas sur son passage.
89;Grotadmorv;1.0;poison;None;1.2;30.0;50.0;50.0;75.0;1000000.0;Medium Fast;400.0;105.0;105.0;75.0;65.0;50.0;1.0;1.0;1.0;1.0;0.5;1.0;0.5;0.5;2.0;1.0;2.0;2.0;1.0;1.0;1.0;1.0;0.0;Tadmorv;;Son odeur est si horrible qu'elle peut provoquer des évanouissements. À cause de la dégénérescence de son nez, il a perdu son odorat.
90;Kokiyas;1.0;water;None;0.3;4.0;50.0;50.0;190.0;1250000.0;Slow;280.0;30.0;65.0;100.0;45.0;40.0;1.0;0.5;0.5;2.0;2.0;0.5;1.0;1.0;1.0;1.0;1.0;1.0;1.0;1.0;1.0;1.0;0.0;;Crustabri;Il nage en tournant le dos à la surface en ouvrant et en fermant sa carapace en deux parties. Il est étonnamment rapide.
91;Crustabri;2.0;water;ice;1.5;132.5;50.0;50.0;60.0;1250000.0;Slow;480.0;50.0;95.0;180.0;85.0;70.0;1.0;1.0;0.5;2.0;2.0;0.25;2.0;1.0;1.0;1.0;1.0;1.0;2.0;1.0;1.0;1.0;0.0;Kokiyas;;Sa carapace est extrêmement dure. Elle ne peut pas être brisée, même par une bombe. La carapace ne s'ouvre que lorsqu'il attaque.
92;Fantominus;2.0;ghost;poison;1.3;0.1;50.0;50.0;190.0;1059860.0;Medium Slow;275.0;30.0;35.0;30.0;100.0;80.0;0.0;1.0;1.0;1.0;0.5;1.0;0.0;0.25;2.0;1.0;2.0;1.0;1.0;2.0;1.0;2.0;0.0;;Spectrum;Né de gaz, n'importe qui s'évanouirait s'il était englouti par son corps gazeux, qui contient du poison.
93;Spectrum;2.0;ghost;poison;1.6;0.1;50.0;50.0;90.0;1059860.0;Medium Slow;350.0;45.0;50.0;45.0;115.0;95.0;0.0;1.0;1.0;1.0;0.5;1.0;0.0;0.25;2.0;1.0;2.0;1.0;1.0;2.0;1.0;2.0;0.0;Fantominus;Ectoplasma;Sa langue est faite de gaz. Si on la lèche, sa victime se met à trembler constamment jusqu'à ce que la mort survienne.
94;Ectoplasma;2.0;ghost;poison;1.5;40.5;50.0;50.0;45.0;1059860.0;Medium Slow;425.0;60.0;65.0;60.0;130.0;110.0;0.0;1.0;1.0;1.0;0.5;1.0;0.0;0.25;2.0;1.0;2.0;1.0;1.0;2.0;1.0;2.0;0.0;Spectrum;;La nuit de pleine lune, si les ombres bougent d'elles-mêmes et rient, cela doit être l'œuvre de Ectoplasma.
95;Onix;2.0;rock;ground;8.8;210.0;50.0;50.0;45.0;1000000.0;Medium Fast;340.0;35.0;45.0;160.0;30.0;70.0;0.5;0.5;4.0;0.0;4.0;2.0;2.0;0.25;2.0;0.5;1.0;1.0;0.5;1.0;1.0;0.0;0.0;;Steelix;En creusant le sol, il absorbe de nombreux objets durs. C'est ce qui rend son corps si solide.
96;Soporifik;1.0;psychic;None;1.0;32.4;50.0;50.0;190.0;1000000.0;Medium Fast;285.0;60.0;48.0;45.0;90.0;42.0;1.0;1.0;1.0;1.0;1.0;1.0;0.5;1.0;1.0;1.0;0.5;2.0;1.0;0.0;1.0;1.0;0.0;;Hypnomade;Si vous dormez tout le temps à ses côtés, il vous montrera parfois dans ses rêves qu'il a mangé dans le passé.
97;Hypnomade;1.0;psychic;None;1.6;75.6;50.0;50.0;75.0;1000000.0;Medium Fast;410.0;85.0;73.0;70.0;115.0;67.0;1.0;1.0;1.0;1.0;1.0;1.0;0.5;1.0;1.0;1.0;0.5;2.0;1.0;0.0;1.0;1.0;0.0;Soporifik;;Évitez tout contact visuel si vous en croisez un. Il essaiera de vous endormir en utilisant son pendule.
98;Krabby;1.0;water;None;0.4;6.5;50.0;50.0;225.0;1000000.0;Medium Fast;300.0;30.0;105.0;90.0;25.0;50.0;1.0;0.5;0.5;2.0;2.0;0.5;1.0;1.0;1.0;1.0;1.0;1.0;1.0;1.0;1.0;1.0;0.0;;Krabboss;On le trouve près de la mer. Les grandes pinces repoussent si on les arrache de leurs alvéoles.
99;Krabboss;1.0;water;None;1.3;60.0;50.0;50.0;60.0;1000000.0;Medium Fast;425.0;55.0;130.0;115.0;50.0;75.0;1.0;0.5;0.5;2.0;2.0;0.5;1.0;1.0;1.0;1.0;1.0;1.0;1.0;1.0;1.0;1.0;0.0;Krabby;;Sa pince large et dure a une puissance de 10 000 chevaux. Cependant, étant si grande, elle est difficile à déplacer.
100;Voltorbe;1.0;electric;None;0.5;10.4;0.0;0.0;190.0;1000000.0;Medium Fast;275.0;40.0;30.0;50.0;55.0;100.0;1.0;1.0;1.0;0.5;1.0;1.0;1.0;1.0;2.0;0.5;1.0;1.0;1.0;1.0;1.0;1.0;0.0;;Electrode;On dit qu'il se camoufle en Poké Ball. Il s'autodétruira avec très peu de stimulation.
101;Electrode;1.0;electric;None;1.2;66.6;0.0;0.0;60.0;1000000.0;Medium Fast;400.0;60.0;50.0;70.0;80.0;140.0;1.0;1.0;1.0;0.5;1.0;1.0;1.0;1.0;2.0;0.5;1.0;1.0;1.0;1.0;1.0;1.0;0.0;Voltorbe;;Il stocke l'énergie électrique à l'intérieur de son corps. Le moindre choc peut déclencher une énorme explosion.
102;Noeunoeuf;2.0;grass;psychic;0.4;2.5;50.0;50.0;90.0;1250000.0;Slow;280.0;60.0;40.0;80.0;60.0;40.0;1.0;2.0;0.5;0.5;0.5;2.0;0.5;2.0;0.5;2.0;0.5;4.0;1.0;0.0;1.0;1.0;0.0;;Noadkoko;Même si cela peut ressembler à un simple tas d'œufs, c'est un véritable Pokémon. Noeunoeuf communique avec les autres de son espèce par télépathie, apparemment.
103;Noadkoko;2.0;grass;psychic;2.0;120.0;50.0;50.0;45.0;1250000.0;Slow;455.0;95.0;95.0;85.0;125.0;55.0;1.0;2.0;0.5;0.5;0.5;2.0;0.5;2.0;0.5;2.0;0.5;4.0;1.0;0.0;1.0;1.0;0.0;Noeunoeuf;;Chacune des trois têtes de Noadkoko a des pensées différentes. Les trois ne semblent pas vraiment s'intéresser les unes aux autres.
104;Osselait;1.0;ground;None;0.4;6.5;50.0;50.0;190.0;1000000.0;Medium Fast;270.0;50.0;50.0;95.0;40.0;35.0;1.0;1.0;2.0;0.0;2.0;2.0;1.0;0.5;1.0;1.0;1.0;1.0;0.5;1.0;1.0;1.0;0.0;;Ossatueur;Lorsque le souvenir de sa mère disparue le fait pleurer, ses cris résonnent tristement dans le crâne qu'il porte sur sa tête.
105;Ossatueur;1.0;ground;None;1.0;45.0;50.0;50.0;75.0;1000000.0;Medium Fast;345.0;60.0;80.0;110.0;50.0;45.0;1.0;1.0;2.0;0.0;2.0;2.0;1.0;0.5;1.0;1.0;1.0;1.0;0.5;1.0;1.0;1.0;0.0;Osselait;;Ce Pokémon a surmonté son chagrin pour développer un nouveau corps robuste. Ossatueur affronte ses adversaires avec courage, utilisant un os comme arme.
106;Kicklee;1.0;fighting;None;1.5;49.8;100.0;0.0;45.0;1000000.0;Medium Fast;345.0;50.0;120.0;53.0;35.0;87.0;1.0;1.0;1.0;1.0;1.0;1.0;1.0;1.0;1.0;2.0;2.0;0.5;0.5;1.0;1.0;0.0;0.0;Debugant;;Ce Pokémon incroyable a un sens de l'équilibre incroyable. Il peut donner des coups de pied successifs depuis n'importe quelle position.
107;Tygnon;1.0;fighting;None;1.4;50.2;100.0;0.0;45.0;1000000.0;Medium Fast;345.0;50.0;105.0;79.0;35.0;76.0;1.0;1.0;1.0;1.0;1.0;1.0;1.0;1.0;1.0;2.0;2.0;0.5;0.5;1.0;1.0;0.0;0.0;Debugant;;Ses coups fendent l'air. Ils sont lancés à une vitesse telle que même une légère éraflure pourrait provoquer une brûlure.
108;Excelangue;1.0;normal;None;1.2;65.5;50.0;50.0;45.0;1000000.0;Medium Fast;310.0;90.0;55.0;75.0;60.0;30.0;1.0;1.0;1.0;1.0;1.0;1.0;2.0;1.0;1.0;1.0;1.0;1.0;1.0;0.0;1.0;0.0;0.0;;;Si la salive collante de ce Pokémon entre en contact avec vous et que vous ne la nettoyez pas, une démangeaison intense apparaîtra. Et la démangeaison ne disparaîtra pas non plus.
109;Smogo;1.0;poison;None;0.6;1.0;50.0;50.0;190.0;1000000.0;Medium Fast;295.0;40.0;65.0;95.0;60.0;35.0;1.0;1.0;1.0;1.0;0.5;1.0;0.5;0.5;2.0;1.0;2.0;2.0;1.0;1.0;1.0;1.0;0.0;;Smogogo;Son corps est rempli de gaz toxique. Il flotte dans les décharges, à la recherche des fumées des déchets bruts et en décomposition.
110;Smogogo;1.0;poison;None;1.2;9.5;50.0;50.0;60.0;1000000.0;Medium Fast;420.0;65.0;90.0;120.0;85.0;60.0;1.0;1.0;1.0;1.0;0.5;1.0;0.5;0.5;2.0;1.0;2.0;2.0;1.0;1.0;1.0;1.0;0.0;Smogo;;Il mélange des gaz entre ses deux corps. On dit que ces Pokémon ont été aperçus dans toute la région de Galar à l'époque.
111;Rhinocorne;2.0;ground;rock;1.0;115.0;50.0;50.0;120.0;1250000.0;Slow;315.0;80.0;85.0;95.0;30.0;25.0;0.5;0.5;4.0;0.0;4.0;2.0;2.0;0.25;2.0;0.5;1.0;1.0;0.5;1.0;1.0;1.0;0.0;;Rhinoferos;Fort, mais pas trop brillant, ce Pokémon peut briser même un gratte-ciel avec ses tacles chargés.
112;Rhinoferos;2.0;ground;rock;1.9;120.0;50.0;50.0;60.0;1250000.0;Slow;440.0;105.0;130.0;120.0;45.0;40.0;0.5;0.5;4.0;0.0;4.0;2.0;2.0;0.25;2.0;0.5;1.0;1.0;0.5;1.0;1.0;1.0;0.0;Rhinocorne;Rhinastoc;Il commence à marcher sur ses pattes arrière après l'évolution. Il peut percer des trous dans les rochers avec sa corne.
113;Leveinard;1.0;normal;None;1.1;34.6;0.0;100.0;30.0;800000.0;Fast;415.0;250.0;5.0;5.0;105.0;50.0;1.0;1.0;1.0;1.0;1.0;1.0;2.0;1.0;1.0;1.0;1.0;1.0;1.0;0.0;1.0;0.0;0.0;Ptiravi;Leuphorie;L'œuf que propose Leveinard est non seulement délicieux mais aussi riche en nutriments. Il est utilisé comme ingrédient de cuisine haut de gamme.
114;Saquedeneu;1.0;grass;None;1.0;35.0;50.0;50.0;45.0;1000000.0;Medium Fast;395.0;65.0;55.0;115.0;100.0;60.0;1.0;2.0;0.5;0.5;0.5;2.0;1.0;2.0;0.5;2.0;1.0;2.0;1.0;1.0;1.0;0.0;0.0;;Bouldeneu;Caché sous un enchevêtrement de vignes qui pousse sans arrêt même si les vignes sont arrachées, la véritable apparence de ce Pokémon reste un mystère.
115;Kangourex;1.0;normal;None;2.2;80.0;0.0;100.0;45.0;1000000.0;Medium Fast;410.0;105.0;95.0;80.0;40.0;90.0;1.0;1.0;1.0;1.0;1.0;1.0;2.0;1.0;1.0;1.0;1.0;1.0;1.0;0.0;1.0;0.0;0.0;;;Bien qu'il porte son bébé dans une poche sur son ventre, Kangourex est rapide sur ses pattes. Il intimide ses adversaires avec des coups rapides.
116;Hypotrempe;1.0;water;None;0.4;8.0;50.0;50.0;225.0;1000000.0;Medium Fast;270.0;30.0;40.0;70.0;70.0;60.0;1.0;0.5;0.5;2.0;2.0;0.5;1.0;1.0;1.0;1.0;1.0;1.0;1.0;1.0;1.0;1.0;0.0;;Hypocean;Hypotrempe vit dans des océans aux courants doux. Si ce Pokémon est attaqué, il crache de l'encre noire et s'échappe.
117;Hypocean;1.0;water;None;1.2;25.0;50.0;50.0;75.0;1000000.0;Medium Fast;395.0;55.0;65.0;95.0;95.0;85.0;1.0;0.5;0.5;2.0;2.0;0.5;1.0;1.0;1.0;1.0;1.0;1.0;1.0;1.0;1.0;1.0;0.0;Hypotrempe;Hyporoi;Ce sont les mâles qui élèvent la progéniture. Pendant que les Hypocéan élèvent leurs petits, les épines de leur dos sécrètent un poison plus épais et plus fort.
118;Poissirene;1.0;water;None;0.6;15.0;50.0;50.0;225.0;1000000.0;Medium Fast;285.0;45.0;67.0;60.0;50.0;63.0;1.0;0.5;0.5;2.0;2.0;0.5;1.0;1.0;1.0;1.0;1.0;1.0;1.0;1.0;1.0;1.0;0.0;;Poissiroy;Ses nageoires dorsales, pectorales et caudales ondulent élégamment dans l'eau, ce qui lui vaut le surnom de danseur aquatique.
119;Poissiroy;1.0;water;None;1.3;39.0;50.0;50.0;60.0;1000000.0;Medium Fast;385.0;80.0;92.0;65.0;80.0;68.0;1.0;0.5;0.5;2.0;2.0;0.5;1.0;1.0;1.0;1.0;1.0;1.0;1.0;1.0;1.0;1.0;0.0;Poissirene;;En automne, son corps devient plus gras en prévision de la demande en mariage. Il prend de belles couleurs.
120;Stari;1.0;water;None;0.8;34.5;0.0;0.0;225.0;1250000.0;Slow;285.0;30.0;45.0;55.0;70.0;85.0;1.0;0.5;0.5;2.0;2.0;0.5;1.0;1.0;1.0;1.0;1.0;1.0;1.0;1.0;1.0;1.0;0.0;;Staross;Si vous visitez une plage à la fin de l'été, vous pourrez voir des groupes de Stari s'illuminer à un rythme régulier.
121;Staross;2.0;water;psychic;1.1;80.0;0.0;0.0;60.0;1250000.0;Slow;435.0;60.0;75.0;85.0;100.0;115.0;1.0;0.5;0.5;2.0;2.0;0.5;0.5;1.0;1.0;1.0;0.5;2.0;1.0;0.0;1.0;1.0;0.0;Stari;;Ce Pokémon possède un organe appelé son noyau. Cet organe brille de sept couleurs lorsque Staross libère ses puissants pouvoirs psychiques.
122;M.Mime;1.0;psychic;None;1.3;54.5;50.0;50.0;45.0;1000000.0;Medium Fast;340.0;40.0;45.0;65.0;100.0;90.0;1.0;1.0;1.0;1.0;1.0;1.0;0.5;1.0;1.0;1.0;0.5;2.0;1.0;0.0;1.0;0.0;0.0;Mime Jr;;La largeur de ses mains n’est peut-être pas une coïncidence : de nombreux scientifiques pensent que ses paumes se sont agrandies spécifiquement pour la pantomime.
123;Insecateur;2.0;bug;flying;1.5;56.0;50.0;50.0;45.0;1000000.0;Medium Fast;420.0;70.0;110.0;80.0;55.0;105.0;1.0;2.0;1.0;2.0;0.25;2.0;0.25;2.0;0.0;2.0;1.0;0.5;4.0;1.0;1.0;0.0;0.0;;Cizayox;Au fur et à mesure que Insécateur se bat, ses faux deviennent de plus en plus tranchantes. D'un seul coup, Insécateur peut abattre un arbre gigantesque.
124;Lippoutou;2.0;ice;psychic;1.4;40.6;0.0;100.0;45.0;1000000.0;Medium Fast;340.0;65.0;50.0;35.0;95.0;95.0;1.0;2.0;1.0;1.0;1.0;0.5;1.0;1.0;1.0;1.0;0.5;2.0;2.0;0.0;1.0;0.0;0.0;Lippouti;;Dans certaines parties de Galar, Lippoutou  était autrefois crainte et vénérée comme la Reine de la Glace.
125;Elektek;1.0;electric;None;1.1;30.0;75.0;25.0;45.0;1000000.0;Medium Fast;395.0;65.0;83.0;57.0;85.0;105.0;1.0;1.0;1.0;0.5;1.0;1.0;1.0;1.0;2.0;0.5;1.0;1.0;1.0;1.0;1.0;0.0;0.0;Elekid;Elekable;De nombreuses centrales électriques gardent des Pokémon de type Sol à proximité pour se défendre contre les Élektek qui viennent chercher de l'électricité.
126;Magmar;1.0;fire;None;1.3;44.5;75.0;25.0;45.0;1000000.0;Medium Fast;395.0;65.0;95.0;57.0;85.0;93.0;1.0;0.5;2.0;1.0;0.5;1.0;1.0;1.0;2.0;1.0;1.0;0.5;2.0;1.0;1.0;0.0;0.0;Magby;Maganon;Magmar abat sa proie par le feu. Mais il regrette cette habitude lorsqu'il réalise qu'il a réduit sa proie en cendres.
127;Scarabrute;1.0;bug;None;1.5;55.0;50.0;50.0;45.0;1250000.0;Slow;430.0;65.0;125.0;100.0;55.0;85.0;1.0;2.0;1.0;1.0;0.5;1.0;0.5;2.0;0.5;2.0;1.0;1.0;2.0;1.0;1.0;0.0;0.0;;;Ces Pokémon se jugent entre eux en fonction de leurs pinces. Des pinces plus épaisses et plus impressionnantes leur confèrent une plus grande popularité auprès du sexe opposé.
128;Tauros;1.0;normal;None;1.4;88.4;100.0;0.0;45.0;1250000.0;Slow;450.0;75.0;100.0;95.0;70.0;110.0;1.0;1.0;1.0;1.0;1.0;1.0;2.0;1.0;1.0;1.0;1.0;1.0;1.0;0.0;1.0;0.0;0.0;;;Lorsque Tauros commence à se fouetter avec ses queues, c'est un avertissement que le Pokémon est sur le point de charger à une vitesse étonnante.
129;Magicarpe;1.0;water;None;0.9;10.0;50.0;50.0;255.0;1250000.0;Slow;185.0;20.0;10.0;55.0;20.0;80.0;1.0;0.5;0.5;2.0;2.0;0.5;1.0;1.0;1.0;1.0;1.0;1.0;1.0;1.0;1.0;1.0;0.0;;Leviator;Il est pratiquement sans valeur en termes de puissance et de vitesse. C'est le Pokémon le plus faible et le plus pathétique du monde.
130;Leviator;2.0;water;flying;6.5;235.0;50.0;50.0;45.0;1250000.0;Slow;480.0;95.0;125.0;79.0;100.0;81.0;1.0;0.5;0.5;4.0;1.0;1.0;0.5;1.0;0.0;1.0;1.0;0.5;2.0;1.0;1.0;1.0;0.0;Magicarpe;;Il a une nature extrêmement agressive. L'Hyper Beam qu'il tire de sa bouche incinère totalement toutes les cibles.
131;Lokhlass;2.0;water;ice;2.5;220.0;50.0;50.0;45.0;1250000.0;Slow;450.0;130.0;85.0;80.0;95.0;60.0;1.0;1.0;0.5;2.0;2.0;0.25;2.0;1.0;1.0;1.0;1.0;1.0;2.0;1.0;1.0;0.0;0.0;;;Pokémon intelligent et gentil, il glisse sur la surface de la mer tandis que sa belle chanson résonne autour de lui.
132;Metamorph;1.0;normal;None;0.3;4.0;0.0;0.0;35.0;1000000.0;Medium Fast;240.0;48.0;48.0;48.0;48.0;48.0;1.0;1.0;1.0;1.0;1.0;1.0;2.0;1.0;1.0;1.0;1.0;1.0;1.0;0.0;1.0;0.0;0.0;;;Il peut reconstituer toute sa structure cellulaire pour se transformer en ce qu'il voit, mais il revient à la normale lorsqu'il se détend.
133;Evoli;1.0;normal;None;0.3;6.5;87.5;12.5;45.0;1000000.0;Medium Fast;280.0;55.0;55.0;50.0;65.0;55.0;1.0;1.0;1.0;1.0;1.0;1.0;2.0;1.0;1.0;1.0;1.0;1.0;1.0;0.0;1.0;3.0;0.0;;Aquali;Il a la capacité de modifier la composition de son corps pour l’adapter à son environnement.
134;Aquali;1.0;water;None;1.0;29.0;87.5;12.5;45.0;1000000.0;Medium Fast;430.0;130.0;65.0;60.0;110.0;65.0;1.0;0.5;0.5;2.0;2.0;0.5;1.0;1.0;1.0;1.0;1.0;1.0;1.0;1.0;1.0;3.0;0.0;Evoli;;Lorsque les nageoires de Aquali  commencent à vibrer, c'est le signe que la pluie arrivera dans quelques heures.
135;Voltali;1.0;electric;None;0.8;24.5;87.5;12.5;45.0;1000000.0;Medium Fast;430.0;65.0;65.0;60.0;110.0;130.0;1.0;1.0;1.0;0.5;1.0;1.0;1.0;1.0;2.0;0.5;1.0;1.0;1.0;1.0;1.0;3.0;0.0;Evoli;;S'il est en colère ou surpris, la fourrure sur tout son corps se hérisse comme des aiguilles acérées qui transpercent ses ennemis.
136;Pyroli;1.0;fire;None;0.9;25.0;87.5;12.5;45.0;1000000.0;Medium Fast;430.0;65.0;130.0;60.0;110.0;65.0;1.0;0.5;2.0;1.0;0.5;1.0;1.0;1.0;2.0;1.0;1.0;0.5;2.0;1.0;1.0;3.0;0.0;Evoli;;Une fois qu'il a accumulé suffisamment de chaleur, la température corporelle de ce Pokémon peut atteindre jusqu'à 1 700 degrés Fahrenheit.
137;Porygon;1.0;normal;None;0.8;36.5;0.0;0.0;45.0;1000000.0;Medium Fast;310.0;65.0;60.0;70.0;75.0;40.0;1.0;1.0;1.0;1.0;1.0;1.0;2.0;1.0;1.0;1.0;1.0;1.0;1.0;0.0;1.0;0.0;0.0;;Porygon2;Une technologie de pointe a été utilisée pour créer Porygon. Il s'agit du premier Pokémon artificiel créé par programmation informatique.
138;Amonita;2.0;rock;water;0.4;7.5;87.5;12.5;45.0;1000000.0;Medium Fast;300.0;35.0;40.0;100.0;90.0;35.0;0.5;0.25;1.0;2.0;4.0;0.5;2.0;0.5;2.0;0.5;1.0;1.0;1.0;1.0;1.0;1.0;0.0;;Amonistar;Parce que certains Amonita parviennent à s'échapper après avoir été restaurés ou sont relâchés dans la nature par l'homme, cette espèce devient un problème.
139;Amonistar;2.0;rock;water;1.0;35.0;87.5;12.5;45.0;1000000.0;Medium Fast;425.0;70.0;60.0;125.0;115.0;55.0;0.5;0.25;1.0;2.0;4.0;0.5;2.0;0.5;2.0;0.5;1.0;1.0;1.0;1.0;1.0;1.0;0.0;Amonita;;Alourdi par une carapace large et lourde, Amonistar ne pouvait pas se déplacer très vite. Certains disent qu'il s'est éteint parce qu'il était incapable d'attraper de la nourriture.
140;Kabuto;2.0;rock;water;0.5;11.5;87.5;12.5;45.0;1000000.0;Medium Fast;300.0;30.0;80.0;90.0;45.0;55.0;0.5;0.25;1.0;2.0;4.0;0.5;2.0;0.5;2.0;0.5;1.0;1.0;1.0;1.0;1.0;1.0;0.0;;Kabutops;Cette espèce est presque entièrement éteinte. Les Kabuto muent tous les trois jours, ce qui rend leur carapace de plus en plus dure.
141;Kabutops;2.0;rock;water;1.3;40.5;87.5;12.5;45.0;1000000.0;Medium Fast;430.0;60.0;115.0;105.0;70.0;80.0;0.5;0.25;1.0;2.0;4.0;0.5;2.0;0.5;2.0;0.5;1.0;1.0;1.0;1.0;1.0;1.0;0.0;Kabuto;;Kabutops découpe sa proie en morceaux et en aspire les fluides. Les parties du corps qu'il jette deviennent de la nourriture pour d'autres Pokémon.
142;Ptera;2.0;rock;flying;1.8;59.0;87.5;12.5;45.0;1250000.0;Slow;440.0;80.0;105.0;65.0;60.0;130.0;0.5;0.5;2.0;2.0;1.0;2.0;1.0;0.5;0.0;0.5;1.0;0.5;2.0;1.0;1.0;0.0;0.0;;;Il s'agit d'un Pokémon féroce venu d'une époque ancienne. Apparemment, même la technologie moderne est incapable de produire un spécimen parfaitement restauré.
143;Ronflex;1.0;normal;None;2.1;460.0;87.5;12.5;25.0;1250000.0;Slow;430.0;160.0;110.0;65.0;65.0;30.0;1.0;1.0;1.0;1.0;1.0;1.0;2.0;1.0;1.0;1.0;1.0;1.0;1.0;0.0;1.0;0.0;0.0;Goinfrex;;Il n'est pas rassasié tant qu'il n'a pas mangé plus de 880 livres de nourriture par jour. Lorsqu'il a fini de manger, il s'endort rapidement.
144;Artikodin;2.0;ice;flying;1.7;55.4;0.0;0.0;3.0;1250000.0;Slow;485.0;90.0;85.0;100.0;125.0;85.0;1.0;2.0;1.0;2.0;0.5;1.0;1.0;1.0;0.0;1.0;1.0;0.5;4.0;1.0;1.0;0.0;1.0;;;On dit que les magnifiques ailes bleues de ce Pokémon sont faites de glace. Artikodin vole au-dessus des montagnes enneigées, sa longue queue flottant derrière lui.
145;Electhor;2.0;electric;flying;1.6;52.6;0.0;0.0;3.0;1250000.0;Slow;490.0;90.0;90.0;85.0;125.0;100.0;1.0;1.0;1.0;1.0;0.5;2.0;0.5;1.0;0.0;0.5;1.0;0.5;2.0;1.0;1.0;0.0;1.0;;;Ce Pokémon a un contrôle total sur l'électricité. On raconte que Électhor niche dans les profondeurs obscures de nuages ??d'orage noirs.
146;Sulfura;2.0;fire;flying;2.0;60.0;0.0;0.0;3.0;1250000.0;Slow;495.0;90.0;100.0;90.0;125.0;90.0;1.0;0.5;2.0;2.0;0.25;2.0;0.5;1.0;0.0;1.0;1.0;0.25;4.0;1.0;1.0;0.0;1.0;;;C'est l'un des Pokémon oiseaux légendaires. Lorsque Sulfura bat ses ailes enflammées, elles scintillent d'une lueur rouge éblouissante.
147;Minidraco;1.0;dragon;None;1.8;3.3;50.0;50.0;45.0;1250000.0;Slow;250.0;41.0;64.0;45.0;50.0;50.0;1.0;0.5;0.5;0.5;0.5;2.0;1.0;1.0;1.0;1.0;1.0;1.0;1.0;1.0;2.0;2.0;0.0;;Draco;Le draconien vit près des plans d'eau à courant rapide, comme les bassins de chutes d'eau. Au fur et à mesure de sa croissance, le draconien mue plusieurs fois.
148;Draco;1.0;dragon;None;4.0;16.5;50.0;50.0;45.0;1250000.0;Slow;350.0;61.0;84.0;65.0;70.0;70.0;1.0;0.5;0.5;0.5;0.5;2.0;1.0;1.0;1.0;1.0;1.0;1.0;1.0;1.0;2.0;2.0;0.0;Minidraco;Dracolosse;Ce Pokémon vit dans des océans et des lacs immaculés. Il peut contrôler la météo et utilise ce pouvoir pour voler dans le ciel, porté par le vent.
149;Dracolosse;2.0;dragon;flying;2.2;210.0;50.0;50.0;45.0;1250000.0;Slow;500.0;91.0;134.0;95.0;100.0;80.0;1.0;0.5;0.5;1.0;0.25;4.0;0.5;1.0;0.0;1.0;1.0;0.5;2.0;1.0;2.0;2.0;0.0;Draco;;C'est un Pokémon au grand cœur. S'il aperçoit une personne ou un Pokémon en train de se noyer, Dracolosse doit absolument les aider.
150;Mewtwo;1.0;psychic;None;2.0;122.0;0.0;0.0;3.0;1250000.0;Slow;590.0;106.0;110.0;90.0;154.0;130.0;1.0;1.0;1.0;1.0;1.0;1.0;0.5;1.0;1.0;1.0;0.5;2.0;1.0;0.0;1.0;0.0;1.0;;;Son ADN est presque le même que celui de Mew. Cependant, sa taille et son tempérament sont très différents.
151;Mew;1.0;psychic;None;0.4;4.0;0.0;0.0;45.0;1059860.0;Medium Slow;500.0;100.0;100.0;100.0;100.0;100.0;1.0;1.0;1.0;1.0;1.0;1.0;0.5;1.0;1.0;1.0;0.5;2.0;1.0;0.0;1.0;0.0;1.0;;;Lorsqu'on l'observe au microscope, on peut voir les poils courts, fins et délicats de ce Pokémon.
